game_id,probability
2020-1124-1257,0.711208458728141
2020-1124-1371,0.7631051895437077
2020-1124-1120,0.7036671113954657
2020-1124-1228,0.87327126530696
2020-1124-1234,0.9119319633240548
2020-1124-1326,0.6539882288187777
2020-1124-1153,0.802501889975469
2020-1124-1433,0.8263560590346061
2020-1124-1320,0.9075332267478292
2020-1124-1280,0.8653338749794428
2020-1124-1190,0.8272000550951499
2020-1124-1158,0.9907589946128313
2020-1124-1132,0.948181519923065
2020-1124-1293,0.9376120308788745
2020-1124-1411,0.987506896287726
2020-1124-1299,0.9712287215424918
2020-1124-1361,0.5732273081724365
2020-1124-1181,0.4751462960514692
2020-1124-1268,0.6598318619922459
2020-1124-1139,0.8304641275852754
2020-1124-1246,0.5844799025926507
2020-1124-1166,0.9052685151362749
2020-1124-1353,0.6652223221496382
2020-1124-1388,0.9357092410881549
2020-1124-1403,0.8007363794032951
2020-1124-1222,0.6707823610545798
2020-1124-1438,0.6390931339171207
2020-1124-1455,0.7176868457479613
2020-1124-1272,0.7274054240819318
2020-1124-1113,0.8848615377054995
2020-1124-1436,0.8873092043431363
2020-1124-1414,0.9674619162858156
2020-1124-1460,0.9828271113183121
2020-1124-1284,0.9960562542169002
2020-1124-1352,0.9831002425401844
2020-1124-1242,0.3242850847194133
2020-1124-1173,0.7108642292555654
2020-1124-1199,0.611194705036021
2020-1124-1277,0.6067908369245067
2020-1124-1112,0.7273644785412128
2020-1124-1261,0.9276308958771126
2020-1124-1266,0.907001867009847
2020-1124-1458,0.7720469296982735
2020-1124-1348,0.8025438651616317
2020-1124-1231,0.8009417473224872
2020-1124-1345,0.8575760820004793
2020-1124-1251,0.7537124654823036
2020-1124-1317,0.9773828661474195
2020-1124-1114,0.831227355691018
2020-1124-1457,0.9806737132904594
2020-1124-1343,0.9930299584308684
2020-1124-1211,0.47939120014186015
2020-1124-1452,0.7233589520215532
2020-1124-1437,0.7435456700210628
2020-1124-1332,0.7192910615017888
2020-1124-1336,0.8113330872794707
2020-1124-1160,0.9518057990804375
2020-1124-1276,0.7523307746633404
2020-1124-1196,0.7754212812542469
2020-1124-1390,0.7866051595976319
2020-1124-1116,0.9310171568387549
2020-1124-1140,0.7962563079984712
2020-1124-1372,0.8672035247762939
2020-1124-1308,0.9300383010163872
2020-1124-1159,0.9304773019004262
2020-1124-1295,0.9256425517878479
2020-1124-1285,0.9866479891070213
2020-1257-1371,0.6076172969914244
2020-1257-1120,0.6207232736304109
2020-1257-1228,0.6755410890407577
2020-1257-1234,0.7511403691844029
2020-1257-1326,0.33056006937793103
2020-1257-1153,0.6675662974459401
2020-1257-1433,0.6385464732160988
2020-1257-1320,0.7315772440166832
2020-1257-1280,0.7124142336347482
2020-1257-1190,0.7438739593224611
2020-1257-1158,0.9675032733363145
2020-1257-1132,0.8476206799796948
2020-1257-1293,0.8217124958003997
2020-1257-1411,0.9566560293531271
2020-1257-1299,0.9528724729549453
2020-1257-1361,0.3118432815004429
2020-1257-1181,0.3917249347732751
2020-1257-1268,0.5766225786498955
2020-1257-1139,0.590338947483511
2020-1257-1246,0.4326223209548884
2020-1257-1166,0.7393138424593086
2020-1257-1353,0.6471099839377633
2020-1257-1388,0.8016513910410106
2020-1257-1403,0.6104171978564242
2020-1257-1222,0.612747840903498
2020-1257-1438,0.6296669134345427
2020-1257-1455,0.6128667896488093
2020-1257-1272,0.7054370707003835
2020-1257-1113,0.7423767537866397
2020-1257-1436,0.8155979535973027
2020-1257-1414,0.8919700132052245
2020-1257-1460,0.9408028464819965
2020-1257-1284,0.9859423558843512
2020-1257-1352,0.9417047202624294
2020-1257-1242,0.3479706314335273
2020-1257-1173,0.4904414124804866
2020-1257-1199,0.5444370830367333
2020-1257-1277,0.4322647742830945
2020-1257-1112,0.47643208033929296
2020-1257-1261,0.786814428184432
2020-1257-1266,0.7397775909089095
2020-1257-1458,0.5112083981215247
2020-1257-1348,0.6834909214739262
2020-1257-1231,0.6409306946045897
2020-1257-1345,0.6656214587735251
2020-1257-1251,0.6266904561124904
2020-1257-1317,0.9230785469646413
2020-1257-1114,0.5697592396184767
2020-1257-1457,0.933735100520625
2020-1257-1343,0.9753470903013487
2020-1257-1211,0.27070904418419856
2020-1257-1452,0.6498931916824162
2020-1257-1437,0.4478764708968015
2020-1257-1332,0.4119283263679699
2020-1257-1336,0.6107916390727244
2020-1257-1160,0.8457802629057627
2020-1257-1276,0.48400984022310056
2020-1257-1196,0.5160234429301733
2020-1257-1390,0.566497921286636
2020-1257-1116,0.7915070149227805
2020-1257-1140,0.5250591615132375
2020-1257-1372,0.7357630634508698
2020-1257-1308,0.8013506449827139
2020-1257-1159,0.7890968343767427
2020-1257-1295,0.7729111666747207
2020-1257-1285,0.9535318256071051
2020-1371-1120,0.32788406455253166
2020-1371-1228,0.5262705007671125
2020-1371-1234,0.594789173236511
2020-1371-1326,0.26443785763232763
2020-1371-1153,0.4473902965476256
2020-1371-1433,0.4856924717890963
2020-1371-1320,0.5515049287693002
2020-1371-1280,0.5734933707240808
2020-1371-1190,0.5595895531193903
2020-1371-1158,0.9611927159886012
2020-1371-1132,0.8445700690215001
2020-1371-1293,0.7763828176616373
2020-1371-1411,0.9480808967900404
2020-1371-1299,0.898431618553568
2020-1371-1361,0.24875715137188578
2020-1371-1181,0.2509211019520825
2020-1371-1268,0.26612240590922254
2020-1371-1139,0.4746704952094076
2020-1371-1246,0.2167294049453608
2020-1371-1166,0.5776358468439933
2020-1371-1353,0.5226747204900479
2020-1371-1388,0.6772956191021012
2020-1371-1403,0.47004746206894366
2020-1371-1222,0.32621001984782666
2020-1371-1438,0.3686072850968885
2020-1371-1455,0.3026810317885675
2020-1371-1272,0.5054702007592886
2020-1371-1113,0.5879522862214838
2020-1371-1436,0.6592823188642684
2020-1371-1414,0.8729182349486778
2020-1371-1460,0.929684149864984
2020-1371-1284,0.9831501334236147
2020-1371-1352,0.9307429480198607
2020-1371-1242,0.20216847162062984
2020-1371-1173,0.4071912073718546
2020-1371-1199,0.3558913693436161
2020-1371-1277,0.25504925208990203
2020-1371-1112,0.33757863006669653
2020-1371-1261,0.747552415765941
2020-1371-1266,0.6104311849110238
2020-1371-1458,0.3188637017371611
2020-1371-1348,0.35323654897505974
2020-1371-1231,0.40495942738781016
2020-1371-1345,0.5251001057294536
2020-1371-1251,0.3365910526716724
2020-1371-1317,0.9089529595610654
2020-1371-1114,0.32667050043868495
2020-1371-1457,0.9213998125592028
2020-1371-1343,0.9705133055421056
2020-1371-1211,0.18659155601701605
2020-1371-1452,0.39583012624988406
2020-1371-1437,0.3506937339068973
2020-1371-1332,0.37678633915959425
2020-1371-1336,0.4041983180875356
2020-1371-1160,0.8202244158348448
2020-1371-1276,0.35311767894925095
2020-1371-1196,0.3663076243088962
2020-1371-1390,0.4486134198831521
2020-1371-1116,0.7571589743732879
2020-1371-1140,0.4341270875296764
2020-1371-1372,0.6013761429077897
2020-1371-1308,0.7543639872589731
2020-1371-1159,0.6755582217283668
2020-1371-1295,0.599863476790844
2020-1371-1285,0.9446633230847464
2020-1120-1228,0.5924527742510202
2020-1120-1234,0.6681183847008372
2020-1120-1326,0.3532285990702726
2020-1120-1153,0.49530374055554227
2020-1120-1433,0.5424946561319967
2020-1120-1320,0.6467765306346304
2020-1120-1280,0.6142444105623933
2020-1120-1190,0.5887170028379377
2020-1120-1158,0.9697508955999204
2020-1120-1132,0.8495644451576859
2020-1120-1293,0.8179791826693548
2020-1120-1411,0.9594085178095937
2020-1120-1299,0.9098607942925987
2020-1120-1361,0.3544607330433008
2020-1120-1181,0.29015567148686133
2020-1120-1268,0.3254461905018819
2020-1120-1139,0.5417849815545305
2020-1120-1246,0.3002175973156621
2020-1120-1166,0.6633464793118435
2020-1120-1353,0.4352203856906814
2020-1120-1388,0.7591130895789835
2020-1120-1403,0.49358840078025884
2020-1120-1222,0.34581282142900155
2020-1120-1438,0.33186696924915277
2020-1120-1455,0.3538838985225142
2020-1120-1272,0.47081069974980616
2020-1120-1113,0.6521252226224619
2020-1120-1436,0.7018865788435519
2020-1120-1414,0.8988959297702735
2020-1120-1460,0.944791813673429
2020-1120-1284,0.9869318728337764
2020-1120-1352,0.9456364268705905
2020-1120-1242,0.21166567534186562
2020-1120-1173,0.4643109365467814
2020-1120-1199,0.3558913693436161
2020-1120-1277,0.34215394846657965
2020-1120-1112,0.4363590231244769
2020-1120-1261,0.7930823988666055
2020-1120-1266,0.6801887017350285
2020-1120-1458,0.40424714762389213
2020-1120-1348,0.46630203952844695
2020-1120-1231,0.48276803370241667
2020-1120-1345,0.5918754230743808
2020-1120-1251,0.42948089501222897
2020-1120-1317,0.9281706694112564
2020-1120-1114,0.39953685452931736
2020-1120-1457,0.9381690235660746
2020-1120-1343,0.9731322526032036
2020-1120-1211,0.25561330037060837
2020-1120-1452,0.42850264809598937
2020-1120-1437,0.43910577883144114
2020-1120-1332,0.47120828283965316
2020-1120-1336,0.4702684339670359
2020-1120-1160,0.855186683781686
2020-1120-1276,0.4521605671623278
2020-1120-1196,0.4669853303351034
2020-1120-1390,0.47203704619509523
2020-1120-1116,0.8014166258813921
2020-1120-1140,0.5323342390729324
2020-1120-1372,0.6613258012402532
2020-1120-1308,0.7989957964859518
2020-1120-1159,0.7624336334364318
2020-1120-1295,0.6844734661435844
2020-1120-1285,0.9567025321768112
2020-1228-1234,0.5216302313411812
2020-1228-1326,0.25516008201729495
2020-1228-1153,0.3709780884374538
2020-1228-1433,0.370043053702928
2020-1228-1320,0.4853331371051952
2020-1228-1280,0.4211430180415942
2020-1228-1190,0.46152945332694345
2020-1228-1158,0.9136702868815639
2020-1228-1132,0.6220444250986729
2020-1228-1293,0.5973508649337872
2020-1228-1411,0.8864680008154872
2020-1228-1299,0.8564650486992459
2020-1228-1361,0.22886247254103648
2020-1228-1181,0.304458900943842
2020-1228-1268,0.3259399416642349
2020-1228-1139,0.39697367842131936
2020-1228-1246,0.26633711536876464
2020-1228-1166,0.5406893278087971
2020-1228-1353,0.3712097863244801
2020-1228-1388,0.5907570260745924
2020-1228-1403,0.33821404994636983
2020-1228-1222,0.33568544312950416
2020-1228-1438,0.3627396364104054
2020-1228-1455,0.29539410609363786
2020-1228-1272,0.41292261438549915
2020-1228-1113,0.458380844510954
2020-1228-1436,0.5662123982874072
2020-1228-1414,0.7458765931901619
2020-1228-1460,0.8496139778499339
2020-1228-1284,0.9614374557853137
2020-1228-1352,0.8516861089333492
2020-1228-1242,0.2759865402847378
2020-1228-1173,0.3558913693436161
2020-1228-1199,0.3558913693436161
2020-1228-1277,0.30203815310053783
2020-1228-1112,0.314631359325654
2020-1228-1261,0.5662858762186195
2020-1228-1266,0.5380987424516461
2020-1228-1458,0.2973417054032178
2020-1228-1348,0.31874567222215044
2020-1228-1231,0.3569830380265245
2020-1228-1345,0.4006836383859574
2020-1228-1251,0.31605662018599945
2020-1228-1317,0.8100978354181841
2020-1228-1114,0.29215927814661025
2020-1228-1457,0.8335847118876145
2020-1228-1343,0.9336163592968119
2020-1228-1211,0.19480424046110184
2020-1228-1452,0.36794762724436675
2020-1228-1437,0.32833718058240247
2020-1228-1332,0.35547704334763336
2020-1228-1336,0.33757537922476527
2020-1228-1160,0.6609650194951636
2020-1228-1276,0.34111134517383257
2020-1228-1196,0.3546521949106713
2020-1228-1390,0.34374312227901027
2020-1228-1116,0.5731995540939157
2020-1228-1140,0.416566827073099
2020-1228-1372,0.4510753178193961
2020-1228-1308,0.567523248108107
2020-1228-1159,0.5190324876304777
2020-1228-1295,0.44089691452528956
2020-1228-1285,0.8794382874031196
2020-1234-1326,0.20066396449144172
2020-1234-1153,0.42918188777421046
2020-1234-1433,0.3973068379034505
2020-1234-1320,0.3498032968071924
2020-1234-1280,0.4784931759621898
2020-1234-1190,0.5365556156404925
2020-1234-1158,0.882147272868931
2020-1234-1132,0.6622821539924236
2020-1234-1293,0.647547211555464
2020-1234-1411,0.846590893102752
2020-1234-1299,0.8896239527753036
2020-1234-1361,0.24436015479692352
2020-1234-1181,0.3081039641728233
2020-1234-1268,0.3297202673728886
2020-1234-1139,0.34347111577963074
2020-1234-1246,0.26970274951971906
2020-1234-1166,0.39733706214718356
2020-1234-1353,0.4737026966399457
2020-1234-1388,0.4555430913652717
2020-1234-1403,0.3744202359120654
2020-1234-1222,0.36785833889805375
2020-1234-1438,0.3956168135561237
2020-1234-1455,0.34285390594843884
2020-1234-1272,0.4822247593101962
2020-1234-1113,0.5171692694010039
2020-1234-1436,0.6380902854049197
2020-1234-1414,0.6857231281832078
2020-1234-1460,0.8280864914906718
2020-1234-1284,0.9463319413656383
2020-1234-1352,0.8024240983379977
2020-1234-1242,0.27611514096448986
2020-1234-1173,0.3558913693436161
2020-1234-1199,0.3558913693436161
2020-1234-1277,0.30217382656954084
2020-1234-1112,0.308288540511936
2020-1234-1261,0.5312837975668512
2020-1234-1266,0.38822212414044893
2020-1234-1458,0.24246919032504574
2020-1234-1348,0.3913321907939709
2020-1234-1231,0.3979380780477348
2020-1234-1345,0.42433018241120046
2020-1234-1251,0.3788195942850862
2020-1234-1317,0.7510599415939426
2020-1234-1114,0.2385046053978099
2020-1234-1457,0.7908565643719848
2020-1234-1343,0.9086483873038685
2020-1234-1211,0.19750928221173603
2020-1234-1452,0.411397535176934
2020-1234-1437,0.23651050280235764
2020-1234-1332,0.2373020961209853
2020-1234-1336,0.35969598528978186
2020-1234-1160,0.6343998719476316
2020-1234-1276,0.2559098133648567
2020-1234-1196,0.28296851691597885
2020-1234-1390,0.33665202587039406
2020-1234-1116,0.5785095061992912
2020-1234-1140,0.2722408573797433
2020-1234-1372,0.5260623195437633
2020-1234-1308,0.616575787663592
2020-1234-1159,0.46738161691200064
2020-1234-1295,0.4053113944585447
2020-1234-1285,0.8376368216638495
2020-1326-1153,0.637711939579473
2020-1326-1433,0.6068135137611902
2020-1326-1320,0.7212281059423518
2020-1326-1280,0.6812667469206807
2020-1326-1190,0.7304920921778465
2020-1326-1158,0.9658254336498787
2020-1326-1132,0.8000285893151676
2020-1326-1293,0.8113661909311356
2020-1326-1411,0.9542042948988595
2020-1326-1299,0.9496714007548543
2020-1326-1361,0.32140509211933166
2020-1326-1181,0.3571842643803283
2020-1326-1268,0.5402588809546962
2020-1326-1139,0.6067724702232754
2020-1326-1246,0.4074528305333493
2020-1326-1166,0.7302385341224539
2020-1326-1353,0.5669148377488148
2020-1326-1388,0.7932404187616929
2020-1326-1403,0.6152499927893923
2020-1326-1222,0.5863387434537206
2020-1326-1438,0.607232716427425
2020-1326-1455,0.5963543116664451
2020-1326-1272,0.6855736145850472
2020-1326-1113,0.7149077966200367
2020-1326-1436,0.8049810263991436
2020-1326-1414,0.8868484100752225
2020-1326-1460,0.9378350133798602
2020-1326-1284,0.9852019838098278
2020-1326-1352,0.9387791600683596
2020-1326-1242,0.3639332623111471
2020-1326-1173,0.47319565278906855
2020-1326-1199,0.5272572712464234
2020-1326-1277,0.43941980763862204
2020-1326-1112,0.439822955150291
2020-1326-1261,0.7716295054968211
2020-1326-1266,0.7194307116593863
2020-1326-1458,0.5505802753448076
2020-1326-1348,0.6507465630796089
2020-1326-1231,0.6291278584239929
2020-1326-1345,0.6637096070668732
2020-1326-1251,0.6103927705970291
2020-1326-1317,0.9192983349303159
2020-1326-1114,0.5924472517950367
2020-1326-1457,0.9304391269841032
2020-1326-1343,0.9740633782807743
2020-1326-1211,0.2639978405548665
2020-1326-1452,0.6206824314471514
2020-1326-1437,0.46859299070557775
2020-1326-1332,0.4099602260944514
2020-1326-1336,0.5864763778906216
2020-1326-1160,0.8388644386272065
2020-1326-1276,0.5482529330199585
2020-1326-1196,0.5631577947287415
2020-1326-1390,0.5716912797512916
2020-1326-1116,0.7805887590668433
2020-1326-1140,0.5909868198910253
2020-1326-1372,0.7221157303980069
2020-1326-1308,0.7901245127421177
2020-1326-1159,0.7791509187209663
2020-1326-1295,0.7664342141036797
2020-1326-1285,0.9511690334488325
2020-1153-1433,0.4290770256538587
2020-1153-1320,0.5504235845365019
2020-1153-1280,0.5079050950555257
2020-1153-1190,0.47592543941398363
2020-1153-1158,0.9481921588945594
2020-1153-1132,0.72954183991033
2020-1153-1293,0.71953552746487
2020-1153-1411,0.9310031454814619
2020-1153-1299,0.864092095458878
2020-1153-1361,0.2479412486270755
2020-1153-1181,0.25414043303300066
2020-1153-1268,0.2734671059588937
2020-1153-1139,0.4617060936323508
2020-1153-1246,0.22032333700504528
2020-1153-1166,0.6020684521086661
2020-1153-1353,0.3766507563825265
2020-1153-1388,0.6520726625904264
2020-1153-1403,0.43151600260525425
2020-1153-1222,0.2823007606602678
2020-1153-1438,0.32570231226282637
2020-1153-1455,0.25114508864646645
2020-1153-1272,0.42352125474393454
2020-1153-1113,0.5228939751327922
2020-1153-1436,0.5817304664346901
2020-1153-1414,0.8354092863305135
2020-1153-1460,0.9071477968819487
2020-1153-1284,0.9773319032753296
2020-1153-1352,0.9085125476020669
2020-1153-1242,0.22739342990291922
2020-1153-1173,0.4306849958145002
2020-1153-1199,0.3558913693436161
2020-1153-1277,0.2901844364569292
2020-1153-1112,0.367071986096634
2020-1153-1261,0.6872132591189767
2020-1153-1266,0.5954271942282796
2020-1153-1458,0.3465211583547212
2020-1153-1348,0.2938917608561315
2020-1153-1231,0.3687259999586268
2020-1153-1345,0.4869133444588822
2020-1153-1251,0.26989803005449814
2020-1153-1317,0.8806253852190342
2020-1153-1114,0.34089742646166576
2020-1153-1457,0.8965038961384835
2020-1153-1343,0.960506881007797
2020-1153-1211,0.20964500062399183
2020-1153-1452,0.319065537228143
2020-1153-1437,0.3798716693602441
2020-1153-1332,0.4106465311772812
2020-1153-1336,0.3897185314147264
2020-1153-1160,0.7712384435528711
2020-1153-1276,0.39347624910837964
2020-1153-1196,0.4078092155757301
2020-1153-1390,0.4522549200811759
2020-1153-1116,0.6973298472089097
2020-1153-1140,0.47221351060030836
2020-1153-1372,0.5271360720873203
2020-1153-1308,0.6924044863152582
2020-1153-1159,0.5984103700539322
2020-1153-1295,0.5175700275954512
2020-1153-1285,0.9265485208665977
2020-1433-1320,0.48701779003412565
2020-1433-1280,0.47637697141130825
2020-1433-1190,0.5101959708044249
2020-1433-1158,0.9400472994442777
2020-1433-1132,0.6247314879666848
2020-1433-1293,0.687298028106962
2020-1433-1411,0.9203828595960893
2020-1433-1299,0.878810239469691
2020-1433-1361,0.20359981325412152
2020-1433-1181,0.25957196453818576
2020-1433-1268,0.27915709468553956
2020-1433-1139,0.39198866929648324
2020-1433-1246,0.22525039356743345
2020-1433-1166,0.53210744344906
2020-1433-1353,0.36637580774149997
2020-1433-1388,0.5923864186534067
2020-1433-1403,0.3798917392442401
2020-1433-1222,0.2881016650626523
2020-1433-1438,0.3414465448018159
2020-1433-1455,0.26241035683398956
2020-1433-1272,0.4559085162027926
2020-1433-1113,0.49136447041387976
2020-1433-1436,0.6133440410590008
2020-1433-1414,0.8130297964111773
2020-1433-1460,0.8932765173619596
2020-1433-1284,0.9736408337144177
2020-1433-1352,0.8948215106391515
2020-1433-1242,0.22691842372913526
2020-1433-1173,0.36493079542951606
2020-1433-1199,0.3558913693436161
2020-1433-1277,0.249937209389319
2020-1433-1112,0.30949232711976893
2020-1433-1261,0.6522874899469691
2020-1433-1266,0.532143694149822
2020-1433-1458,0.28430165357975584
2020-1433-1348,0.3128978526894299
2020-1433-1231,0.3329143257859969
2020-1433-1345,0.4477648590689949
2020-1433-1251,0.2937090455654184
2020-1433-1317,0.8633885838016804
2020-1433-1114,0.27925617743176284
2020-1433-1457,0.8812506649814671
2020-1433-1343,0.9542045485464424
2020-1433-1211,0.16818718754568285
2020-1433-1452,0.3542848649879399
2020-1433-1437,0.3145463107800876
2020-1433-1332,0.3441330992923653
2020-1433-1336,0.3235834215399194
2020-1433-1160,0.7428197015209747
2020-1433-1276,0.32704518546417766
2020-1433-1196,0.3403160613632052
2020-1433-1390,0.37545693014621007
2020-1433-1116,0.6637327882567398
2020-1433-1140,0.4012841688875829
2020-1433-1372,0.4996623878291275
2020-1433-1308,0.6603448761144599
2020-1433-1159,0.5685733291411704
2020-1433-1295,0.48687696095498106
2020-1433-1285,0.9153049375050626
2020-1320-1280,0.5610273373200474
2020-1320-1190,0.5991490821044569
2020-1320-1158,0.8819429193993867
2020-1320-1132,0.7449660273043047
2020-1320-1293,0.6842896012001435
2020-1320-1411,0.85867002293448
2020-1320-1299,0.9048389768683653
2020-1320-1361,0.30347642549782594
2020-1320-1181,0.3942319503838762
2020-1320-1268,0.4126837208007483
2020-1320-1139,0.38814374546785674
2020-1320-1246,0.3505345197835214
2020-1320-1166,0.4233051220292743
2020-1320-1353,0.5619171432268962
2020-1320-1388,0.5123762027028246
2020-1320-1403,0.4318331012312613
2020-1320-1222,0.4494412668755059
2020-1320-1438,0.45198488558476446
2020-1320-1455,0.4486247031127985
2020-1320-1272,0.5526834745313471
2020-1320-1113,0.5978591364098597
2020-1320-1436,0.6753242329089822
2020-1320-1414,0.7202053525794649
2020-1320-1460,0.8503574038244387
2020-1320-1284,0.9492158745825889
2020-1320-1352,0.8074159373739449
2020-1320-1242,0.34394586403110733
2020-1320-1173,0.3539842576518342
2020-1320-1199,0.3801255207512777
2020-1320-1277,0.34638795499237407
2020-1320-1112,0.38926872912335186
2020-1320-1261,0.6033461795354528
2020-1320-1266,0.4390111789059822
2020-1320-1458,0.3005022995699618
2020-1320-1348,0.5257286868839416
2020-1320-1231,0.4640530376941342
2020-1320-1345,0.49125218200826465
2020-1320-1251,0.4544301709223938
2020-1320-1317,0.7545075387268861
2020-1320-1114,0.33680626144552755
2020-1320-1457,0.816883984771926
2020-1320-1343,0.9084852189299524
2020-1320-1211,0.25447918884603155
2020-1320-1452,0.489192646386869
2020-1320-1437,0.29393296687304926
2020-1320-1332,0.2992777408611928
2020-1320-1336,0.43221953147000153
2020-1320-1160,0.6718182212835898
2020-1320-1276,0.27902958644235176
2020-1320-1196,0.3137816282443178
2020-1320-1390,0.3879671126493983
2020-1320-1116,0.6427740126502128
2020-1320-1140,0.30312249962286075
2020-1320-1372,0.5670007694234719
2020-1320-1308,0.6592563520430397
2020-1320-1159,0.5627482526584953
2020-1320-1295,0.5273159690973522
2020-1320-1285,0.837369516965414
2020-1280-1190,0.41831910406709377
2020-1280-1158,0.9220919405283746
2020-1280-1132,0.6735395076541308
2020-1280-1293,0.6239290185985452
2020-1280-1411,0.8971823038517753
2020-1280-1299,0.8405295195730113
2020-1280-1361,0.19721851703323745
2020-1280-1181,0.2414332212743267
2020-1280-1268,0.26013057561217345
2020-1280-1139,0.38383863810935875
2020-1280-1246,0.20883357502118086
2020-1280-1166,0.5235527298815443
2020-1280-1353,0.39098067931677555
2020-1280-1388,0.5827359081202126
2020-1280-1403,0.36355728539069393
2020-1280-1222,0.2713751213041971
2020-1280-1438,0.30969072791640273
2020-1280-1455,0.24263436355391776
2020-1280-1272,0.37851327733504964
2020-1280-1113,0.39832534348382387
2020-1280-1436,0.5355281631749517
2020-1280-1414,0.7664833793042627
2020-1280-1460,0.8633498790093705
2020-1280-1284,0.9653759026068689
2020-1280-1352,0.8652627611976802
2020-1280-1242,0.21132806214457645
2020-1280-1173,0.357013005073283
2020-1280-1199,0.3462162578907072
2020-1280-1277,0.23324249500376412
2020-1280-1112,0.2970557376525742
2020-1280-1261,0.5814375222083191
2020-1280-1266,0.5183285472147776
2020-1280-1458,0.27452944940933394
2020-1280-1348,0.24491390608374966
2020-1280-1231,0.29291743397962844
2020-1280-1345,0.36582943340002444
2020-1280-1251,0.2609732785415668
2020-1280-1317,0.8267068670709352
2020-1280-1114,0.2686427730626255
2020-1280-1457,0.8485236604049613
2020-1280-1343,0.9402195401492749
2020-1280-1211,0.1608529777129678
2020-1280-1452,0.3044370636085847
2020-1280-1437,0.30390849432230327
2020-1280-1332,0.33219042880164507
2020-1280-1336,0.3130710186518869
2020-1280-1160,0.6855544996753065
2020-1280-1276,0.315410344331957
2020-1280-1196,0.32843952121281467
2020-1280-1390,0.3856585770917563
2020-1280-1116,0.5983788353166608
2020-1280-1140,0.3885330774421207
2020-1280-1372,0.42058104336232255
2020-1280-1308,0.5816884340674304
2020-1280-1159,0.4793042810873371
2020-1280-1295,0.3985843494507638
2020-1280-1285,0.890800229758088
2020-1190-1158,0.9387121847816132
2020-1190-1132,0.8567316491997216
2020-1190-1293,0.6822369479524933
2020-1190-1411,0.9174448060950035
2020-1190-1299,0.8282523494271851
2020-1190-1361,0.20980321719507927
2020-1190-1181,0.17394542307961036
2020-1190-1268,0.19906546772754322
2020-1190-1139,0.3516221630564272
2020-1190-1246,0.18100504210049792
2020-1190-1166,0.49205298576968765
2020-1190-1353,0.4365255631889159
2020-1190-1388,0.5961476184422779
2020-1190-1403,0.35874328278923895
2020-1190-1222,0.23379228672053307
2020-1190-1438,0.19721592896496096
2020-1190-1455,0.19026779896439147
2020-1190-1272,0.28479956971140225
2020-1190-1113,0.33690356243783315
2020-1190-1436,0.529379372503569
2020-1190-1414,0.8094394683166848
2020-1190-1460,0.891020590120361
2020-1190-1284,0.973032367712799
2020-1190-1352,0.8888690640908007
2020-1190-1242,0.13020052315821332
2020-1190-1173,0.319471896924078
2020-1190-1199,0.3201542566695581
2020-1190-1277,0.21131763088840264
2020-1190-1112,0.28511210766910683
2020-1190-1261,0.5598346529353292
2020-1190-1266,0.5217180844252709
2020-1190-1458,0.2579063100644307
2020-1190-1348,0.2427969050342299
2020-1190-1231,0.2765684563974863
2020-1190-1345,0.3474104046500547
2020-1190-1251,0.27741472219135555
2020-1190-1317,0.8373713382986191
2020-1190-1114,0.2531635701947192
2020-1190-1457,0.8787750320269627
2020-1190-1343,0.9242945818288802
2020-1190-1211,0.15030817445488862
2020-1190-1452,0.23864619122237368
2020-1190-1437,0.28646690512642986
2020-1190-1332,0.31462481095959666
2020-1190-1336,0.29504452722055874
2020-1190-1160,0.7202214533025671
2020-1190-1276,0.29833563620205594
2020-1190-1196,0.3109798826645164
2020-1190-1390,0.37661840476645664
2020-1190-1116,0.6133252670704579
2020-1190-1140,0.3696372248232288
2020-1190-1372,0.4826477831824379
2020-1190-1308,0.6131074179017341
2020-1190-1159,0.5321890006867619
2020-1190-1295,0.37802138459623075
2020-1190-1285,0.9134695425907071
2020-1158-1132,0.28534789528772464
2020-1158-1293,0.2798819272747207
2020-1158-1411,0.2550543549367916
2020-1158-1299,0.5694595568624475
2020-1158-1361,0.07720845061802692
2020-1158-1181,0.10316251348313035
2020-1158-1268,0.11817302836306642
2020-1158-1139,0.09957019805820343
2020-1158-1246,0.09039865329326892
2020-1158-1166,0.08810159103437094
2020-1158-1353,0.35888662260260507
2020-1158-1388,0.10610877249518641
2020-1158-1403,0.14284499938291376
2020-1158-1222,0.14680188547429818
2020-1158-1438,0.12167382371678762
2020-1158-1455,0.10550517937577082
2020-1158-1272,0.22342135161637267
2020-1158-1113,0.12762309382429496
2020-1158-1436,0.2520035317578362
2020-1158-1414,0.2949218013090057
2020-1158-1460,0.37137652556053197
2020-1158-1284,0.7126961832478212
2020-1158-1352,0.245850297431646
2020-1158-1242,0.07783919465030885
2020-1158-1173,0.12200015989776881
2020-1158-1199,0.20982997765988146
2020-1158-1277,0.08744584557360414
2020-1158-1112,0.09307090856292492
2020-1158-1261,0.1779059034393086
2020-1158-1266,0.10978893606254118
2020-1158-1458,0.06469295306373023
2020-1158-1348,0.11568992673176577
2020-1158-1231,0.1094765099458763
2020-1158-1345,0.11313978450969449
2020-1158-1251,0.14437703632801455
2020-1158-1317,0.29096470145484604
2020-1158-1114,0.06359395596465754
2020-1158-1457,0.3255246803790229
2020-1158-1343,0.3523652651297369
2020-1158-1211,0.05209528802609342
2020-1158-1452,0.14593942350678887
2020-1158-1437,0.06281575768462778
2020-1158-1332,0.06434093860524716
2020-1158-1336,0.099675978178844
2020-1158-1160,0.2722009892145326
2020-1158-1276,0.07488786006043506
2020-1158-1196,0.0803172584301977
2020-1158-1390,0.1370433078727125
2020-1158-1116,0.23091424268390676
2020-1158-1140,0.05337637548259092
2020-1158-1372,0.21333363908251876
2020-1158-1308,0.19987299214280477
2020-1158-1159,0.1451376281063687
2020-1158-1295,0.0891276198568006
2020-1158-1285,0.39933097971456416
2020-1132-1293,0.33298741832084644
2020-1132-1411,0.6188059611652187
2020-1132-1299,0.5404982591565942
2020-1132-1361,0.20003038871407758
2020-1132-1181,0.2581643408540543
2020-1132-1268,0.3010253170941398
2020-1132-1139,0.2529494344437526
2020-1132-1246,0.2954830502189138
2020-1132-1166,0.19327223098999688
2020-1132-1353,0.29070144355944894
2020-1132-1388,0.27103965442628186
2020-1132-1403,0.23301378214645999
2020-1132-1222,0.31321935846261456
2020-1132-1438,0.32818439035545227
2020-1132-1455,0.3392239696874135
2020-1132-1272,0.30083086403450615
2020-1132-1113,0.2829170116012026
2020-1132-1436,0.33629813105947126
2020-1132-1414,0.3075480188587106
2020-1132-1460,0.32906963691199903
2020-1132-1284,0.44770398956990703
2020-1132-1352,0.4476323709253527
2020-1132-1242,0.22951627142078362
2020-1132-1173,0.16838167153288164
2020-1132-1199,0.29868135002336865
2020-1132-1277,0.2582911421299191
2020-1132-1112,0.29338527255229646
2020-1132-1261,0.2652213258838171
2020-1132-1266,0.2687267673109952
2020-1132-1458,0.26380401635694783
2020-1132-1348,0.3466311268737502
2020-1132-1231,0.2815792724569986
2020-1132-1345,0.2612083010230131
2020-1132-1251,0.31748721330012153
2020-1132-1317,0.2341405056704792
2020-1132-1114,0.2936753760842894
2020-1132-1457,0.3239973635809828
2020-1132-1343,0.34649555905849877
2020-1132-1211,0.1659128658673073
2020-1132-1452,0.3196485072876299
2020-1132-1437,0.21358395134068786
2020-1132-1332,0.19389630748258946
2020-1132-1336,0.2980886283581163
2020-1132-1160,0.28409039801279873
2020-1132-1276,0.21388445260153552
2020-1132-1196,0.24774154654985933
2020-1132-1390,0.2356400153116893
2020-1132-1116,0.2723430892967133
2020-1132-1140,0.19169299627883338
2020-1132-1372,0.3020628272370472
2020-1132-1308,0.28411159658570545
2020-1132-1159,0.32205213748020595
2020-1132-1295,0.29544101611410645
2020-1132-1285,0.26103708403552384
2020-1293-1411,0.7197812881001328
2020-1293-1299,0.7266554094689671
2020-1293-1361,0.09078536388777012
2020-1293-1181,0.12070639230742725
2020-1293-1268,0.1378771601775128
2020-1293-1139,0.15574254338299726
2020-1293-1246,0.10602852489650234
2020-1293-1166,0.24784711283208602
2020-1293-1353,0.35696826977093926
2020-1293-1388,0.32892764864744584
2020-1293-1403,0.16621641135494483
2020-1293-1222,0.17035739317420381
2020-1293-1438,0.14186776825333264
2020-1293-1455,0.12339263960893522
2020-1293-1272,0.25558814317700673
2020-1293-1113,0.1486373324275859
2020-1293-1436,0.3102447275443691
2020-1293-1414,0.5703514581795072
2020-1293-1460,0.7225521899036346
2020-1293-1284,0.9199544449402997
2020-1293-1352,0.6288655847536896
2020-1293-1242,0.09151602293149634
2020-1293-1173,0.14223949466222882
2020-1293-1199,0.24064634280960226
2020-1293-1277,0.10262277837850704
2020-1293-1112,0.11945723291706112
2020-1293-1261,0.2916241469933358
2020-1293-1266,0.2706337121438507
2020-1293-1458,0.10572084259040739
2020-1293-1348,0.1350434320006448
2020-1293-1231,0.12794097013392894
2020-1293-1345,0.15332222506686705
2020-1293-1251,0.16761989816660744
2020-1293-1317,0.6227237861713294
2020-1293-1114,0.10338680640954852
2020-1293-1457,0.6999685247541045
2020-1293-1343,0.7851599724713839
2020-1293-1211,0.06155066961953711
2020-1293-1452,0.16938401654683896
2020-1293-1437,0.12015717505292901
2020-1293-1332,0.13506217964759296
2020-1293-1336,0.12462477959686201
2020-1293-1160,0.4206140421551642
2020-1293-1276,0.1263556492217918
2020-1293-1196,0.1330935223481379
2020-1293-1390,0.17047520230000046
2020-1293-1116,0.3318436085633263
2020-1293-1140,0.16629584100455924
2020-1293-1372,0.2628225865826306
2020-1293-1308,0.2578230316478173
2020-1293-1159,0.2790050045388812
2020-1293-1295,0.17132130255090375
2020-1293-1285,0.7686982130286507
2020-1411-1299,0.5463870550613725
2020-1411-1361,0.09980088436921838
2020-1411-1181,0.13226101485779385
2020-1411-1268,0.15079357501476653
2020-1411-1139,0.1277998249826874
2020-1411-1246,0.11636404843471045
2020-1411-1166,0.13063310822142904
2020-1411-1353,0.23502476326103283
2020-1411-1388,0.18752744021306617
2020-1411-1403,0.18087905780281813
2020-1411-1222,0.18566130453118587
2020-1411-1438,0.155090773589589
2020-1411-1455,0.1351648755637582
2020-1411-1272,0.2416417248315366
2020-1411-1113,0.1623719166184682
2020-1411-1436,0.3341328877127192
2020-1411-1414,0.32998581786270104
2020-1411-1460,0.41855787674445405
2020-1411-1284,0.7030677363917287
2020-1411-1352,0.3934268486512088
2020-1411-1242,0.10059607420831634
2020-1411-1173,0.1576959169768175
2020-1411-1199,0.26028360303623893
2020-1411-1277,0.11266815491263646
2020-1411-1112,0.11970285121308417
2020-1411-1261,0.22284825416759127
2020-1411-1266,0.14471669329555478
2020-1411-1458,0.08395634431059114
2020-1411-1348,0.1477398736324181
2020-1411-1231,0.140077797799856
2020-1411-1345,0.1445987771760088
2020-1411-1251,0.1848334534591109
2020-1411-1317,0.2867757651252417
2020-1411-1114,0.08255898841389316
2020-1411-1457,0.3538845870616237
2020-1411-1343,0.3735890497667624
2020-1411-1211,0.06787975720045865
2020-1411-1452,0.18461994396923367
2020-1411-1437,0.081568931008192
2020-1411-1332,0.0835088704366168
2020-1411-1336,0.12793133438086265
2020-1411-1160,0.2890817885363729
2020-1411-1276,0.0968725359907423
2020-1411-1196,0.10371713505515046
2020-1411-1390,0.17384590689392945
2020-1411-1116,0.26670986005159586
2020-1411-1140,0.08337459475499401
2020-1411-1372,0.3411295655210586
2020-1411-1308,0.25775306470508963
2020-1411-1159,0.18365133377572052
2020-1411-1295,0.1147739995916877
2020-1411-1285,0.3510541574167098
2020-1299-1361,0.09367895148871645
2020-1299-1181,0.0757651799392455
2020-1299-1268,0.08822092363624279
2020-1299-1139,0.17431857372629156
2020-1299-1246,0.07922227636789311
2020-1299-1166,0.2738454782725665
2020-1299-1353,0.3127945251422961
2020-1299-1388,0.3593674969297362
2020-1299-1403,0.18576681963889832
2020-1299-1222,0.10740004871456953
2020-1299-1438,0.08831825177630652
2020-1299-1455,0.08380940929860517
2020-1299-1272,0.16749182317639752
2020-1299-1113,0.16513154015535433
2020-1299-1436,0.24726129972906322
2020-1299-1414,0.5498317287253361
2020-1299-1460,0.5573418023095672
2020-1299-1284,0.8365128732951504
2020-1299-1352,0.6114436688894153
2020-1299-1242,0.055737839910423276
2020-1299-1173,0.15338200589531176
2020-1299-1199,0.15661663504900858
2020-1299-1277,0.09445534544220509
2020-1299-1112,0.13439431219187292
2020-1299-1261,0.3202593241492516
2020-1299-1266,0.2980750759821109
2020-1299-1458,0.11917276897876797
2020-1299-1348,0.11097560308495681
2020-1299-1231,0.12954862005408016
2020-1299-1345,0.17166827380029695
2020-1299-1251,0.1293460924211669
2020-1299-1317,0.5961596593306906
2020-1299-1114,0.11658046532690447
2020-1299-1457,0.5847610391387134
2020-1299-1343,0.6712457928630746
2020-1299-1211,0.06442894301014433
2020-1299-1452,0.10875476009243541
2020-1299-1437,0.13516834088393084
2020-1299-1332,0.15161454643660516
2020-1299-1336,0.14010520381865324
2020-1299-1160,0.45040438096253804
2020-1299-1276,0.14201619479789226
2020-1299-1196,0.14944630957453767
2020-1299-1390,0.1904121347900099
2020-1299-1116,0.36240757673406404
2020-1299-1140,0.18585350933457248
2020-1299-1372,0.27748904151051845
2020-1299-1308,0.28447206369986
2020-1299-1159,0.30693798168970116
2020-1299-1295,0.1913343622424866
2020-1299-1285,0.7052977808295003
2020-1361-1181,0.4237060488018558
2020-1361-1268,0.6119997119422933
2020-1361-1139,0.6949984793689756
2020-1361-1246,0.48772856049075913
2020-1361-1166,0.8182322192332567
2020-1361-1353,0.7288696071798656
2020-1361-1388,0.8796974407460086
2020-1361-1403,0.6618966429385862
2020-1361-1222,0.6469545543106484
2020-1361-1438,0.6244165622818086
2020-1361-1455,0.6462003290888599
2020-1361-1272,0.7349972831163651
2020-1361-1113,0.7923120737908851
2020-1361-1436,0.8313550763176709
2020-1361-1414,0.9372589754837976
2020-1361-1460,0.96639119318199
2020-1361-1284,0.9921810242469731
2020-1361-1352,0.966916934912908
2020-1361-1242,0.31888926168614595
2020-1361-1173,0.524904166903986
2020-1361-1199,0.5792248726253166
2020-1361-1277,0.4306472067335672
2020-1361-1112,0.5666603763243206
2020-1361-1261,0.8740324584736888
2020-1361-1266,0.8350279713851576
2020-1361-1458,0.6240682323205946
2020-1361-1348,0.7143617355374593
2020-1361-1231,0.66354610206725
2020-1361-1345,0.7469192440538538
2020-1361-1251,0.6516961479744839
2020-1361-1317,0.9559697742665889
2020-1361-1114,0.6938419043764157
2020-1361-1457,0.9622559588435148
2020-1361-1343,0.985316788040637
2020-1361-1211,0.293015180577986
2020-1361-1452,0.6825188223712182
2020-1361-1437,0.5812773492741933
2020-1361-1332,0.5295136828769034
2020-1361-1336,0.678228388982403
2020-1361-1160,0.9084455911051676
2020-1361-1276,0.5982138913738568
2020-1361-1196,0.6285792678224531
2020-1361-1390,0.638508703788338
2020-1361-1116,0.8771050866943652
2020-1361-1140,0.6542094429862431
2020-1361-1372,0.76640738913716
2020-1361-1308,0.8697734424595572
2020-1361-1159,0.8755288110043591
2020-1361-1295,0.8691155394154764
2020-1361-1285,0.9737713851738766
2020-1181-1268,0.5911924339634999
2020-1181-1139,0.7879363353441325
2020-1181-1246,0.44450474275087803
2020-1181-1166,0.8726944941597256
2020-1181-1353,0.6623804276360825
2020-1181-1388,0.9118421905060685
2020-1181-1403,0.7529696410631946
2020-1181-1222,0.6139595160611552
2020-1181-1438,0.6007943928922832
2020-1181-1455,0.6446245835211819
2020-1181-1272,0.7000413522001538
2020-1181-1113,0.8548756707143021
2020-1181-1436,0.860062218971755
2020-1181-1414,0.9586924848241609
2020-1181-1460,0.9781050783862753
2020-1181-1284,0.9949531623261033
2020-1181-1352,0.9784516659388498
2020-1181-1242,0.2836091122530109
2020-1181-1173,0.6509449993377032
2020-1181-1199,0.5509718020224722
2020-1181-1277,0.5387311078030832
2020-1181-1112,0.6355093626417706
2020-1181-1261,0.9091347351554336
2020-1181-1266,0.8836654605973973
2020-1181-1458,0.680710597252643
2020-1181-1348,0.7377745208608054
2020-1181-1231,0.7527966156944478
2020-1181-1345,0.8200512747848684
2020-1181-1251,0.7049063758656203
2020-1181-1317,0.9712076833113282
2020-1181-1114,0.7191802453960553
2020-1181-1457,0.9753743961340354
2020-1181-1343,0.9910879651910072
2020-1181-1211,0.343219993253878
2020-1181-1452,0.6706724959389156
2020-1181-1437,0.6107047876381888
2020-1181-1332,0.5755722542855702
2020-1181-1336,0.7651558915653829
2020-1181-1160,0.9390825306876813
2020-1181-1276,0.6968779939262792
2020-1181-1196,0.7232365447031688
2020-1181-1390,0.7365653872652715
2020-1181-1116,0.9133055753367645
2020-1181-1140,0.6813213331370317
2020-1181-1372,0.8359938132586613
2020-1181-1308,0.912099123437666
2020-1181-1159,0.9112020033275136
2020-1181-1295,0.8807827530290486
2020-1181-1285,0.9829583665174499
2020-1268-1139,0.6265727554141155
2020-1268-1246,0.3433343748587581
2020-1268-1166,0.7409067711474181
2020-1268-1353,0.45960649612070253
2020-1268-1388,0.8198312683578663
2020-1268-1403,0.5792083930992906
2020-1268-1222,0.4264628409360128
2020-1268-1438,0.4077771353327851
2020-1268-1455,0.4438280400060424
2020-1268-1272,0.529648080950109
2020-1268-1113,0.7229508527636884
2020-1268-1436,0.745355535453272
2020-1268-1414,0.9170338808991401
2020-1268-1460,0.955107303435124
2020-1268-1284,0.9894614412659767
2020-1268-1352,0.9558014858115096
2020-1268-1242,0.2536286293252543
2020-1268-1173,0.5007648272267823
2020-1268-1199,0.3688354793024317
2020-1268-1277,0.40141648384277445
2020-1268-1112,0.4995478688627384
2020-1268-1261,0.826540057611268
2020-1268-1266,0.768224110671426
2020-1268-1458,0.4707161513105622
2020-1268-1348,0.5481185618570553
2020-1268-1231,0.574043168027379
2020-1268-1345,0.668515345272283
2020-1268-1251,0.5143033407414577
2020-1268-1317,0.9413991457591803
2020-1268-1114,0.5114634962703763
2020-1268-1457,0.9496560240303211
2020-1268-1343,0.9808246073300794
2020-1268-1211,0.3068789488648874
2020-1268-1452,0.49077062864638493
2020-1268-1437,0.5061921613186707
2020-1268-1332,0.5346566366542438
2020-1268-1336,0.5865227218695483
2020-1268-1160,0.8801202688523502
2020-1268-1276,0.5043143631374554
2020-1268-1196,0.5309543243675041
2020-1268-1390,0.5580381519801793
2020-1268-1116,0.8338090691048566
2020-1268-1140,0.5947558625249806
2020-1268-1372,0.7082506984207358
2020-1268-1308,0.8317001936732243
2020-1268-1159,0.8186557963866731
2020-1268-1295,0.7647193540586857
2020-1268-1285,0.9648752759328855
2020-1139-1246,0.24808802414264644
2020-1139-1166,0.48266080913144765
2020-1139-1353,0.5035892887433345
2020-1139-1388,0.5289715610537604
2020-1139-1403,0.42561851587519817
2020-1139-1222,0.3358301170836339
2020-1139-1438,0.4038964120482614
2020-1139-1455,0.3024060303144445
2020-1139-1272,0.4981653174405366
2020-1139-1113,0.517490476897884
2020-1139-1436,0.6391847062108846
2020-1139-1414,0.7764677560025809
2020-1139-1460,0.8698955908906871
2020-1139-1284,0.9672199983414882
2020-1139-1352,0.8717304571901507
2020-1139-1242,0.283295818422921
2020-1139-1173,0.3558913693436161
2020-1139-1199,0.36253974290351715
2020-1139-1277,0.31587756319950816
2020-1139-1112,0.2847873470917685
2020-1139-1261,0.6164051029210109
2020-1139-1266,0.4800576652035236
2020-1139-1458,0.2850244415654791
2020-1139-1348,0.36593911770159193
2020-1139-1231,0.4108656731085434
2020-1139-1345,0.4683476337364539
2020-1139-1251,0.32952449770512776
2020-1139-1317,0.8346717019771684
2020-1139-1114,0.2831272866299027
2020-1139-1457,0.8556608328489681
2020-1139-1343,0.9433248164324411
2020-1139-1211,0.180252291387311
2020-1139-1452,0.41015395542531863
2020-1139-1437,0.3053094813812745
2020-1139-1332,0.30416285358940975
2020-1139-1336,0.3338634002030557
2020-1139-1160,0.697634107217326
2020-1139-1276,0.3278268659211194
2020-1139-1196,0.34111338286587767
2020-1139-1390,0.3782530093103241
2020-1139-1116,0.6230516580172395
2020-1139-1140,0.40213725694223557
2020-1139-1372,0.5272445197694421
2020-1139-1308,0.6176962886699582
2020-1139-1159,0.5372004236740906
2020-1139-1295,0.4589395890523046
2020-1139-1285,0.8961891423291861
2020-1246-1166,0.8180472041426998
2020-1246-1353,0.5042171325181498
2020-1246-1388,0.8801078430083329
2020-1246-1403,0.6540502541781937
2020-1246-1222,0.5435680151920571
2020-1246-1438,0.5313904906540754
2020-1246-1455,0.5618267901017766
2020-1246-1272,0.6468840930076492
2020-1246-1113,0.7844436091865047
2020-1246-1436,0.7988478132931124
2020-1246-1414,0.9374869655017922
2020-1246-1460,0.9665171035886805
2020-1246-1284,0.9922110955975836
2020-1246-1352,0.9670409428804774
2020-1246-1242,0.3079051394831649
2020-1246-1173,0.5363290289186718
2020-1246-1199,0.4837562593434875
2020-1246-1277,0.41912225296064276
2020-1246-1112,0.5550439434714775
2020-1246-1261,0.8660431914889462
2020-1246-1266,0.8289386650835621
2020-1246-1458,0.614117726618381
2020-1246-1348,0.6707601893434393
2020-1246-1231,0.6529361530575555
2020-1246-1345,0.7378999279637675
2020-1246-1251,0.606846122509342
2020-1246-1317,0.9561329547396069
2020-1246-1114,0.6569899054648962
2020-1246-1457,0.9623967584811876
2020-1246-1343,0.9859659026780384
2020-1246-1211,0.3324014239872603
2020-1246-1452,0.5794842837978542
2020-1246-1437,0.5407813370568222
2020-1246-1332,0.5637159023032652
2020-1246-1336,0.6689709866629084
2020-1246-1160,0.9087680922953553
2020-1246-1276,0.586826566767796
2020-1246-1196,0.6175022788608913
2020-1246-1390,0.6342677843062947
2020-1246-1116,0.871913320523761
2020-1246-1140,0.622710492540246
2020-1246-1372,0.7671019513895811
2020-1246-1308,0.8702127047972597
2020-1246-1159,0.8709750245046369
2020-1246-1295,0.8524928653712049
2020-1246-1285,0.9738703943638637
2020-1166-1353,0.6202215409448844
2020-1166-1388,0.4520807594092424
2020-1166-1403,0.4481403123830277
2020-1166-1222,0.42858668246330084
2020-1166-1438,0.4499734751517089
2020-1166-1455,0.3913707701904691
2020-1166-1272,0.5332482643541661
2020-1166-1113,0.5788912035067448
2020-1166-1436,0.6736881958699488
2020-1166-1414,0.7187012684392938
2020-1166-1460,0.8494066781463704
2020-1166-1284,0.9488554517020121
2020-1166-1352,0.7948282728570958
2020-1166-1242,0.32035079650958886
2020-1166-1173,0.3558913693436161
2020-1166-1199,0.3618497027383385
2020-1166-1277,0.34857397626519493
2020-1166-1112,0.3363480999767654
2020-1166-1261,0.5844571702194453
2020-1166-1266,0.39851318834662197
2020-1166-1458,0.27862180514713625
2020-1166-1348,0.4612366288715871
2020-1166-1231,0.48054788256612097
2020-1166-1345,0.5077978053297998
2020-1166-1251,0.4247105653157288
2020-1166-1317,0.7421240276358998
2020-1166-1114,0.3118655072844299
2020-1166-1457,0.8157666672655899
2020-1166-1343,0.9046511030377917
2020-1166-1211,0.21867354591033006
2020-1166-1452,0.4696459844290048
2020-1166-1437,0.27234456998438955
2020-1166-1332,0.26170687234525475
2020-1166-1336,0.4264255200753339
2020-1166-1160,0.6701731458971331
2020-1166-1276,0.29253751531501426
2020-1166-1196,0.32780493126369376
2020-1166-1390,0.403795094813381
2020-1166-1116,0.6245943449255942
2020-1166-1140,0.2735483757088647
2020-1166-1372,0.5651703491712367
2020-1166-1308,0.6531395470631027
2020-1166-1159,0.5222047706054967
2020-1166-1295,0.4628192093610399
2020-1166-1285,0.8311098209991784
2020-1353-1388,0.6066036740035105
2020-1353-1403,0.4636625433204663
2020-1353-1222,0.24068461330727794
2020-1353-1438,0.40540655689479516
2020-1353-1455,0.3123471046449675
2020-1353-1272,0.3842082345948934
2020-1353-1113,0.6006068847078001
2020-1353-1436,0.29790030529967754
2020-1353-1414,0.5890688325143172
2020-1353-1460,0.4675200558751996
2020-1353-1284,0.7953344044696963
2020-1353-1352,0.8527091193496388
2020-1353-1242,0.2124930310493064
2020-1353-1173,0.2412876583974274
2020-1353-1199,0.23320469448909295
2020-1353-1277,0.3480036637401426
2020-1353-1112,0.45873202386254236
2020-1353-1261,0.5362021285743935
2020-1353-1266,0.6096395101882874
2020-1353-1458,0.48228172047056084
2020-1353-1348,0.46362543152375235
2020-1353-1231,0.5193851818764363
2020-1353-1345,0.5951299467324204
2020-1353-1251,0.27136057818994225
2020-1353-1317,0.5946524088702271
2020-1353-1114,0.6126029924335301
2020-1353-1457,0.6674172666753259
2020-1353-1343,0.8492836193944217
2020-1353-1211,0.26789740850723714
2020-1353-1452,0.3240976195224297
2020-1353-1437,0.5024306925231711
2020-1353-1332,0.48817735909129245
2020-1353-1336,0.42097001827054353
2020-1353-1160,0.5398055790548224
2020-1353-1276,0.4895765659418057
2020-1353-1196,0.5431209710781407
2020-1353-1390,0.5008374711536256
2020-1353-1116,0.5576398731496324
2020-1353-1140,0.5108297796346063
2020-1353-1372,0.29444140794916646
2020-1353-1308,0.44001454587346406
2020-1353-1159,0.568885017599655
2020-1353-1295,0.6053583915139935
2020-1353-1285,0.7517400507817523
2020-1388-1403,0.3775023108811071
2020-1388-1222,0.4211274714742964
2020-1388-1438,0.39688978971421207
2020-1388-1455,0.39163822473514975
2020-1388-1272,0.5240565960002312
2020-1388-1113,0.5447532650574867
2020-1388-1436,0.6506977854305238
2020-1388-1414,0.6974580423222818
2020-1388-1460,0.8357786939726687
2020-1388-1284,0.943629858078065
2020-1388-1352,0.7377560273418978
2020-1388-1242,0.28836908478415224
2020-1388-1173,0.3280317799864021
2020-1388-1199,0.37495940155522833
2020-1388-1277,0.3150808765702865
2020-1388-1112,0.33005279661227044
2020-1388-1261,0.57547110577974
2020-1388-1266,0.3811021714361543
2020-1388-1458,0.24927807706394206
2020-1388-1348,0.461515623969558
2020-1388-1231,0.4085836606130954
2020-1388-1345,0.4351714773417526
2020-1388-1251,0.42076975001041006
2020-1388-1317,0.7127944817758057
2020-1388-1114,0.2601139251910543
2020-1388-1457,0.7998118925064756
2020-1388-1343,0.8622087031338052
2020-1388-1211,0.2087588305727945
2020-1388-1452,0.46046907298340106
2020-1388-1437,0.24343884619043588
2020-1388-1332,0.24818819595732214
2020-1388-1336,0.37787245748440546
2020-1388-1160,0.6470648236603391
2020-1388-1276,0.2538620286766764
2020-1388-1196,0.28945596712940547
2020-1388-1390,0.33589255211325264
2020-1388-1116,0.6159058342022066
2020-1388-1140,0.21302666800039768
2020-1388-1372,0.539757550906108
2020-1388-1308,0.6329198934628234
2020-1388-1159,0.5224848799770333
2020-1388-1295,0.46309833890125396
2020-1388-1285,0.8106158155298301
2020-1403-1222,0.23153729103273712
2020-1403-1438,0.27753719427715406
2020-1403-1455,0.20111168607081809
2020-1403-1272,0.4503009782622957
2020-1403-1113,0.4091338236887999
2020-1403-1436,0.5999005011452403
2020-1403-1414,0.807188810898091
2020-1403-1460,0.8896020502972408
2020-1403-1284,0.9726485720375219
2020-1403-1352,0.8693503850318225
2020-1403-1242,0.2059206435663404
2020-1403-1173,0.2984836396899931
2020-1403-1199,0.29384480927477785
2020-1403-1277,0.23249019121694534
2020-1403-1112,0.2497402505268426
2020-1403-1261,0.5878876583290759
2020-1403-1266,0.457911839524471
2020-1403-1458,0.26948375249200646
2020-1403-1348,0.2465434758581959
2020-1403-1231,0.287329366666379
2020-1403-1345,0.4059552845333177
2020-1403-1251,0.2258998569283225
2020-1403-1317,0.8588476858887242
2020-1403-1114,0.2605601099135177
2020-1403-1457,0.8772190612242248
2020-1403-1343,0.9525163117519004
2020-1403-1211,0.1321288167789332
2020-1403-1452,0.28276569830832027
2020-1403-1437,0.28677872584263847
2020-1403-1332,0.28567307369205563
2020-1403-1336,0.27005836476129663
2020-1403-1160,0.7354989052410131
2020-1403-1276,0.31096744825033196
2020-1403-1196,0.323899928655995
2020-1403-1390,0.37083810671956813
2020-1403-1116,0.6528719429283554
2020-1403-1140,0.3836373776877145
2020-1403-1372,0.44946097383951694
2020-1403-1308,0.582227596534945
2020-1403-1159,0.47985740597802645
2020-1403-1295,0.4014356948416509
2020-1403-1285,0.9123144551524256
2020-1222-1438,0.31747884337115345
2020-1222-1455,0.36680626190800947
2020-1222-1272,0.45205700773310337
2020-1222-1113,0.6705331203872347
2020-1222-1436,0.7254859703341808
2020-1222-1414,0.9089232786152982
2020-1222-1460,0.9505178488884051
2020-1222-1284,0.9883411957304723
2020-1222-1352,0.9512793785840605
2020-1222-1242,0.20927677641946235
2020-1222-1173,0.4763830791455108
2020-1222-1199,0.3844967818007063
2020-1222-1277,0.36791109219081314
2020-1222-1112,0.4642036673673658
2020-1222-1261,0.8040248386944924
2020-1222-1266,0.703232714977559
2020-1222-1458,0.43019231232235067
2020-1222-1348,0.49154305371104995
2020-1222-1231,0.508051878363731
2020-1222-1345,0.6115724969066693
2020-1222-1251,0.46270300741030707
2020-1222-1317,0.9355029187295456
2020-1222-1114,0.4240919215046266
2020-1222-1457,0.9445416354527368
2020-1222-1343,0.9740855618836846
2020-1222-1211,0.27760487026877
2020-1222-1452,0.44874079740577577
2020-1222-1437,0.46585491570813076
2020-1222-1332,0.49930674997988006
2020-1222-1336,0.49405525462018346
2020-1222-1160,0.8689168879432192
2020-1222-1276,0.4801545632134208
2020-1222-1196,0.49506773767719403
2020-1222-1390,0.4851483352125923
2020-1222-1116,0.81952750469473
2020-1222-1140,0.5602160967395766
2020-1222-1372,0.686702856412407
2020-1222-1308,0.8169130412656792
2020-1222-1159,0.7859312739228994
2020-1222-1295,0.6988000693009113
2020-1222-1285,0.9612438965788843
2020-1438-1455,0.5855713002013643
2020-1438-1272,0.6381019718928607
2020-1438-1113,0.8580852272170709
2020-1438-1436,0.8767554827266826
2020-1438-1414,0.9641110451301447
2020-1438-1460,0.9810275640305784
2020-1438-1284,0.9956368347669806
2020-1438-1352,0.9813287729430646
2020-1438-1242,0.4023410200276377
2020-1438-1173,0.7809034480033131
2020-1438-1199,0.6471552938725232
2020-1438-1277,0.6797537953418458
2020-1438-1112,0.7375524272839031
2020-1438-1261,0.9228367221176241
2020-1438-1266,0.8770225784602729
2020-1438-1458,0.7335604775670616
2020-1438-1348,0.6966254609400101
2020-1438-1231,0.7754238730007963
2020-1438-1345,0.8487104675295108
2020-1438-1251,0.6521620404782836
2020-1438-1317,0.9750273122372032
2020-1438-1114,0.7286593888221317
2020-1438-1457,0.9786534125103344
2020-1438-1343,0.9922911817158736
2020-1438-1211,0.5624270416230833
2020-1438-1452,0.6743300420279498
2020-1438-1437,0.7607937375743811
2020-1438-1332,0.7714983768802707
2020-1438-1336,0.7574881752523027
2020-1438-1160,0.9469310547588526
2020-1438-1276,0.7710775858288903
2020-1438-1196,0.7814437304980328
2020-1438-1390,0.8078110037901638
2020-1438-1116,0.9248213003514106
2020-1438-1140,0.8228633159679153
2020-1438-1372,0.8550744086195617
2020-1438-1308,0.9231396141255618
2020-1438-1159,0.8890650998234813
2020-1438-1295,0.8541511543661979
2020-1438-1285,0.9852428197994603
2020-1455-1272,0.4814789134071599
2020-1455-1113,0.6717838499514218
2020-1455-1436,0.6792982366512524
2020-1455-1414,0.8888717217123631
2020-1455-1460,0.9390093126005271
2020-1455-1284,0.9854953574635202
2020-1455-1352,0.9399367665511446
2020-1455-1242,0.2785432508638965
2020-1455-1173,0.4769734006924109
2020-1455-1199,0.3625436877218984
2020-1455-1277,0.4149738637124764
2020-1455-1112,0.5135759240804856
2020-1455-1261,0.7872457473865754
2020-1455-1266,0.7427836682365407
2020-1455-1458,0.47918234113499564
2020-1455-1348,0.5052457809791846
2020-1455-1231,0.5141169227289576
2020-1455-1345,0.6129178439612607
2020-1455-1251,0.4451904438643495
2020-1455-1317,0.9207932194228134
2020-1455-1114,0.472963878494607
2020-1455-1457,0.9317429666098211
2020-1455-1343,0.9730805577729653
2020-1455-1211,0.31894471105862365
2020-1455-1452,0.4331540513985287
2020-1455-1437,0.5152339124430075
2020-1455-1332,0.5485898589815578
2020-1455-1336,0.5307081971716475
2020-1455-1160,0.8415925135201975
2020-1455-1276,0.49734975952945637
2020-1455-1196,0.5382515286952013
2020-1455-1390,0.4942345655818752
2020-1455-1116,0.7919313506944349
2020-1455-1140,0.6082082483223091
2020-1455-1372,0.637252481196536
2020-1455-1308,0.7814746556701287
2020-1455-1159,0.7809020862440905
2020-1455-1295,0.7225691723513711
2020-1455-1285,0.9521043161103903
2020-1272-1113,0.5719335168046783
2020-1272-1436,0.6928404771337785
2020-1272-1414,0.9140676567431673
2020-1272-1460,0.9534331671932789
2020-1272-1284,0.9890537551082468
2020-1272-1352,0.9325398873416088
2020-1272-1242,0.15327043312000802
2020-1272-1173,0.506799031849315
2020-1272-1199,0.38684514029577205
2020-1272-1277,0.36335853558705516
2020-1272-1112,0.45932543981580587
2020-1272-1261,0.7510177254619053
2020-1272-1266,0.6991201792890872
2020-1272-1458,0.42538773609763847
2020-1272-1348,0.3812977517835566
2020-1272-1231,0.4488389674653265
2020-1272-1345,0.5313944124534831
2020-1272-1251,0.36823191098375696
2020-1272-1317,0.9392463228816806
2020-1272-1114,0.4193053408276218
2020-1272-1457,0.9477897115897138
2020-1272-1343,0.9796483382851517
2020-1272-1211,0.27368592595289015
2020-1272-1452,0.38362991297364735
2020-1272-1437,0.460974264919798
2020-1272-1332,0.49440002139206907
2020-1272-1336,0.4713255850441656
2020-1272-1160,0.8722974242125864
2020-1272-1276,0.4752573959390435
2020-1272-1196,0.490161885287253
2020-1272-1390,0.5627322790281032
2020-1272-1116,0.7990704735613393
2020-1272-1140,0.5553747379474449
2020-1272-1372,0.6180275575763385
2020-1272-1308,0.7432773342728137
2020-1272-1159,0.6599363488396318
2020-1272-1295,0.5864529269822022
2020-1272-1285,0.9635515054136408
2020-1113-1436,0.4939971099669479
2020-1113-1414,0.7299631895355532
2020-1113-1460,0.838792675007886
2020-1113-1284,0.9582673786224678
2020-1113-1352,0.8409860037467063
2020-1113-1242,0.23738718896744584
2020-1113-1173,0.3805695943348196
2020-1113-1199,0.3558913693436161
2020-1113-1277,0.26110925625111375
2020-1113-1112,0.3197307354864378
2020-1113-1261,0.5381818745431506
2020-1113-1266,0.5439454711664384
2020-1113-1458,0.29849682701964614
2020-1113-1348,0.27055312703219275
2020-1113-1231,0.3188341946129745
2020-1113-1345,0.394597173540616
2020-1113-1251,0.28455989720254143
2020-1113-1317,0.7971120936213741
2020-1113-1114,0.2933026707442526
2020-1113-1457,0.8218518433430645
2020-1113-1343,0.9283297067885052
2020-1113-1211,0.1769314131743939
2020-1113-1452,0.3335549331044241
2020-1113-1437,0.32955623940362594
2020-1113-1332,0.3598137635617877
2020-1113-1336,0.33881143577697526
2020-1113-1160,0.6422844811259381
2020-1113-1276,0.3423536575635856
2020-1113-1196,0.3559171835003636
2020-1113-1390,0.3828229732246963
2020-1113-1116,0.5509700476760218
2020-1113-1140,0.4179096456122028
2020-1113-1372,0.380658568122345
2020-1113-1308,0.547221052233649
2020-1113-1159,0.4631020393723973
2020-1113-1295,0.38230613557461607
2020-1113-1285,0.8704357778210746
2020-1436-1414,0.7208613812815241
2020-1436-1460,0.8325174246617144
2020-1436-1284,0.9564011334383977
2020-1436-1352,0.7928241878716907
2020-1436-1242,0.10650006036668128
2020-1436-1173,0.25544944598574243
2020-1436-1199,0.27271785056896447
2020-1436-1277,0.16495021744028224
2020-1436-1112,0.22721755855041556
2020-1436-1261,0.47152620678138973
2020-1436-1266,0.44573475737340607
2020-1436-1458,0.2039600154140862
2020-1436-1348,0.19119677573342966
2020-1436-1231,0.21987518641276685
2020-1436-1345,0.28185313467673984
2020-1436-1251,0.21956706793058384
2020-1436-1317,0.7587553831253594
2020-1436-1114,0.19994203019389326
2020-1436-1457,0.8150625399063759
2020-1436-1343,0.8759389257891205
2020-1436-1211,0.11536926092799757
2020-1436-1452,0.19438947055894562
2020-1436-1437,0.22838513966871382
2020-1436-1332,0.2528571149186747
2020-1436-1336,0.23579835434373095
2020-1436-1160,0.6056399221389908
2020-1436-1276,0.23865232220062454
2020-1436-1196,0.24966709577339535
2020-1436-1390,0.30815209174478736
2020-1436-1116,0.5183996908937983
2020-1436-1140,0.3018255584148324
2020-1436-1372,0.3909437148116529
2020-1436-1308,0.42951656792541915
2020-1436-1159,0.45613505891575223
2020-1436-1295,0.30942661976605523
2020-1436-1285,0.8649426686891694
2020-1414-1460,0.5563269630986509
2020-1414-1284,0.8531379048313272
2020-1414-1352,0.45404402658178966
2020-1414-1242,0.08910115719966254
2020-1414-1173,0.13869050170829172
2020-1414-1199,0.23531560659492654
2020-1414-1277,0.09994707778734312
2020-1414-1112,0.10628264015228032
2020-1414-1261,0.20049794803895754
2020-1414-1266,0.1778207219684469
2020-1414-1458,0.07420594130387977
2020-1414-1348,0.13164643033016
2020-1414-1231,0.12469687322417397
2020-1414-1345,0.12879578795432167
2020-1414-1251,0.1635583940331536
2020-1414-1317,0.461048739986713
2020-1414-1114,0.07295794448932263
2020-1414-1457,0.5339636635553939
2020-1414-1343,0.663570216309039
2020-1414-1211,0.05987439811771027
2020-1414-1452,0.16528825512411888
2020-1414-1437,0.07373276938389134
2020-1414-1332,0.0834250514976324
2020-1414-1336,0.11370776713758969
2020-1414-1160,0.3023633001508255
2020-1414-1276,0.08576252870461655
2020-1414-1196,0.09190202210785232
2020-1414-1390,0.1554273265623485
2020-1414-1116,0.25812417941867505
2020-1414-1140,0.10415538766179244
2020-1414-1372,0.24618303880395775
2020-1414-1308,0.22449284854833185
2020-1414-1159,0.18404553994348063
2020-1414-1295,0.10754520548162019
2020-1414-1285,0.638228758242763
2020-1460-1284,0.7511192782388495
2020-1460-1352,0.3321954169934853
2020-1460-1242,0.0502730724973456
2020-1460-1173,0.08015415096499087
2020-1460-1199,0.14275658353868304
2020-1460-1277,0.05668673935149494
2020-1460-1112,0.06046428435062496
2020-1460-1261,0.12962966088935401
2020-1460-1266,0.11835113591250387
2020-1460-1458,0.04157258221824168
2020-1460-1348,0.07582141369857535
2020-1460-1231,0.07157592359781025
2020-1460-1345,0.07407647296898706
2020-1460-1251,0.09569228579507594
2020-1460-1317,0.31817576547415966
2020-1460-1114,0.04084919762108773
2020-1460-1457,0.3080380306744096
2020-1460-1343,0.3762548907278135
2020-1460-1211,0.03331677426206997
2020-1460-1452,0.09678742360471329
2020-1460-1437,0.047080534075750094
2020-1460-1332,0.05347158903793511
2020-1460-1336,0.06492096836807741
2020-1460-1160,0.20575696209483935
2020-1460-1276,0.04972228785613183
2020-1460-1196,0.05261984030725283
2020-1460-1390,0.09056976157233002
2020-1460-1116,0.15845265131472822
2020-1460-1140,0.06730533380556848
2020-1460-1372,0.18316715561559904
2020-1460-1308,0.13543686689664272
2020-1460-1159,0.12280510187934275
2020-1460-1295,0.06958900045888436
2020-1460-1285,0.3756748673970448
2020-1284-1352,0.11656213983990067
2020-1284-1242,0.018489255635727283
2020-1284-1173,0.030077094025283715
2020-1284-1199,0.05594690911066112
2020-1284-1277,0.020937444385540103
2020-1284-1112,0.02238923679258103
2020-1284-1261,0.046069981713126526
2020-1284-1266,0.034381102392954936
2020-1284-1458,0.01520137585945781
2020-1284-1348,0.028367794351061692
2020-1284-1231,0.026702616266401306
2020-1284-1345,0.027682231185868975
2020-1284-1251,0.036290626727437214
2020-1284-1317,0.11014192731135826
2020-1284-1114,0.014929715996495882
2020-1284-1457,0.10845495485513512
2020-1284-1343,0.14617070752448788
2020-1284-1211,0.012116362223180112
2020-1284-1452,0.0367335645482181
2020-1284-1437,0.01473764893981312
2020-1284-1332,0.015114308650435853
2020-1284-1336,0.02411151810650333
2020-1284-1160,0.07703632253060884
2020-1284-1276,0.017744918914687526
2020-1284-1196,0.01911704322367968
2020-1284-1390,0.03422758997676186
2020-1284-1116,0.06279746347126007
2020-1284-1140,0.01878076614603026
2020-1284-1372,0.07390245007156897
2020-1284-1308,0.05280410497212635
2020-1284-1159,0.03650610363729977
2020-1284-1295,0.02137007092377999
2020-1284-1285,0.16712710213299214
2020-1352-1242,0.133191413242488
2020-1352-1173,0.2018808193957502
2020-1352-1199,0.32587384767983346
2020-1352-1277,0.14852914172482662
2020-1352-1112,0.1574057092085412
2020-1352-1261,0.2826090528747878
2020-1352-1266,0.1833437902788929
2020-1352-1458,0.111830432729305
2020-1352-1348,0.19234403646098752
2020-1352-1231,0.1828650462523462
2020-1352-1345,0.18846431964134325
2020-1352-1251,0.23498783487959357
2020-1352-1317,0.3681865067190343
2020-1352-1114,0.11002486726500578
2020-1352-1457,0.5153398334181781
2020-1352-1343,0.5147882424564837
2020-1352-1211,0.09094622627147794
2020-1352-1452,0.23725887293915152
2020-1352-1437,0.10874447649537916
2020-1352-1332,0.1112524374038424
2020-1352-1336,0.16773209240196865
2020-1352-1160,0.3474148227155446
2020-1352-1276,0.12843365453251016
2020-1352-1196,0.13716953259169617
2020-1352-1390,0.22425781590153035
2020-1352-1116,0.33680426135489583
2020-1352-1140,0.093088882046474
2020-1352-1372,0.3374925814692802
2020-1352-1308,0.31258866256780854
2020-1352-1159,0.23609405759154808
2020-1352-1295,0.15119104711310333
2020-1352-1285,0.5325230258124957
2020-1242-1173,0.8375893424757711
2020-1242-1199,0.7572850499313178
2020-1242-1277,0.7890708591554013
2020-1242-1112,0.8237619094292061
2020-1242-1261,0.962180222116116
2020-1242-1266,0.950756184222131
2020-1242-1458,0.8841091249482171
2020-1242-1348,0.8780568362922134
2020-1242-1231,0.9000386027932185
2020-1242-1345,0.9335854184091134
2020-1242-1251,0.8586383594819169
2020-1242-1317,0.98847546797506
2020-1242-1114,0.8952966980702997
2020-1242-1457,0.9901685501396931
2020-1242-1343,0.9964760928412739
2020-1242-1211,0.508124423710403
2020-1242-1452,0.8372825347624976
2020-1242-1437,0.8389614371007087
2020-1242-1332,0.7824534326339895
2020-1242-1336,0.901876032345242
2020-1242-1160,0.9751234251662864
2020-1242-1276,0.8845899854110054
2020-1242-1196,0.8970373590429498
2020-1242-1390,0.896960743193894
2020-1242-1116,0.964012583877761
2020-1242-1140,0.8814864682638295
2020-1242-1372,0.9283736415685634
2020-1242-1308,0.9634835642562521
2020-1242-1159,0.9637208867571161
2020-1242-1295,0.9512800075541739
2020-1242-1285,0.9932279844433631
2020-1173-1199,0.42781418108648434
2020-1173-1277,0.27116353178591973
2020-1173-1112,0.32405477548895006
2020-1173-1261,0.7852948677610776
2020-1173-1266,0.6492757317627054
2020-1173-1458,0.37284965117183894
2020-1173-1348,0.4441398558269795
2020-1173-1231,0.5006918694625468
2020-1173-1345,0.6196575789303714
2020-1173-1251,0.40377773958984203
2020-1173-1317,0.9191908630518046
2020-1173-1114,0.4168610357989006
2020-1173-1457,0.9303389833918787
2020-1173-1343,0.9740242851802946
2020-1173-1211,0.17983476798844694
2020-1173-1452,0.4904940988185261
2020-1173-1437,0.3492343036867934
2020-1173-1332,0.3654714629412133
2020-1173-1336,0.4745366428681664
2020-1173-1160,0.8386553204303524
2020-1173-1276,0.43009979264794773
2020-1173-1196,0.4359639096883098
2020-1173-1390,0.5477827972749095
2020-1173-1116,0.7945623791622606
2020-1173-1140,0.4394057240712327
2020-1173-1372,0.632182339483217
2020-1173-1308,0.7666281216289313
2020-1173-1159,0.7017733455187317
2020-1173-1295,0.6322931641780069
2020-1173-1285,0.9510971651887945
2020-1199-1277,0.2777860567800094
2020-1199-1112,0.36407698995508003
2020-1199-1261,0.8160791054785289
2020-1199-1266,0.6574184697947327
2020-1199-1458,0.3395866750319583
2020-1199-1348,0.44808787965621494
2020-1199-1231,0.46447044560877765
2020-1199-1345,0.5849116570555819
2020-1199-1251,0.43978843317392596
2020-1199-1317,0.9475648089684374
2020-1199-1114,0.3820636530382808
2020-1199-1457,0.9566634811530416
2020-1199-1343,0.9771948640296233
2020-1199-1211,0.2025140555245565
2020-1199-1452,0.41473420913140546
2020-1199-1437,0.36561511148845877
2020-1199-1332,0.3972218135404797
2020-1199-1336,0.4505747977893264
2020-1199-1160,0.8957439506741135
2020-1199-1276,0.39494576636236645
2020-1199-1196,0.4006675542652075
2020-1199-1390,0.5269913801856323
2020-1199-1116,0.8481009777692173
2020-1199-1140,0.45704556579248495
2020-1199-1372,0.7385928125965316
2020-1199-1308,0.8348717602285161
2020-1199-1159,0.777413976488204
2020-1199-1295,0.660836006943294
2020-1199-1285,0.9698316378401699
2020-1277-1112,0.4276204366377834
2020-1277-1261,0.8260872765406035
2020-1277-1266,0.7636688365402277
2020-1277-1458,0.5541434801900527
2020-1277-1348,0.53507833147036
2020-1277-1231,0.629218665348673
2020-1277-1345,0.7259814379712832
2020-1277-1251,0.5192223146762561
2020-1277-1317,0.9412248605758188
2020-1277-1114,0.5774740077716595
2020-1277-1457,0.9495049784963807
2020-1277-1343,0.9814111956302958
2020-1277-1211,0.2415129139089683
2020-1277-1452,0.5594776969505014
2020-1277-1437,0.46236940296252793
2020-1277-1332,0.4557511613161201
2020-1277-1336,0.6121976338317798
2020-1277-1160,0.8797870063622829
2020-1277-1276,0.5978196265991425
2020-1277-1196,0.6121129825290258
2020-1277-1390,0.6190880609428251
2020-1277-1116,0.8333714371123732
2020-1277-1140,0.5765232754322219
2020-1277-1372,0.7075983797847679
2020-1277-1308,0.8312581322125642
2020-1277-1159,0.8111053324070585
2020-1277-1295,0.7555936328210215
2020-1277-1285,0.9647681982334917
2020-1112-1261,0.7736773987060563
2020-1112-1266,0.7217779172169146
2020-1112-1458,0.4555834212087919
2020-1112-1348,0.5691059278214352
2020-1112-1231,0.5524419673087434
2020-1112-1345,0.6302195800598217
2020-1112-1251,0.5488040965009184
2020-1112-1317,0.9201590368955016
2020-1112-1114,0.49515278719527545
2020-1112-1457,0.9311899035110173
2020-1112-1343,0.9743562912526418
2020-1112-1211,0.2176306120986671
2020-1112-1452,0.5595466127658535
2020-1112-1437,0.39084848046480075
2020-1112-1332,0.41175343253102126
2020-1112-1336,0.5525723195613498
2020-1112-1160,0.8404340873054322
2020-1112-1276,0.46230639577660376
2020-1112-1196,0.4942595424475944
2020-1112-1390,0.5173105958210947
2020-1112-1116,0.7825789486024797
2020-1112-1140,0.47770457674731726
2020-1112-1372,0.6685993860295886
2020-1112-1308,0.7799915205808073
2020-1112-1159,0.7811504937846068
2020-1112-1295,0.7210526637040062
2020-1112-1285,0.9517076829965888
2020-1261-1266,0.35925215858921383
2020-1261-1458,0.151560021116056
2020-1261-1348,0.2347648020439139
2020-1261-1231,0.23458089842506225
2020-1261-1345,0.2412960886839133
2020-1261-1251,0.2413201486975021
2020-1261-1317,0.6974819178302274
2020-1261-1114,0.14838189309953032
2020-1261-1457,0.7302592824384939
2020-1261-1343,0.8731913797394205
2020-1261-1211,0.12050008374916465
2020-1261-1452,0.2927777560603218
2020-1261-1437,0.17105845481225096
2020-1261-1332,0.1909075275277022
2020-1261-1336,0.21630108538711768
2020-1261-1160,0.513068812077678
2020-1261-1276,0.17934749523288154
2020-1261-1196,0.18830208436790585
2020-1261-1390,0.283616826532709
2020-1261-1116,0.4203712853800597
2020-1261-1140,0.23159764248491152
2020-1261-1372,0.36058666661476096
2020-1261-1308,0.4179834869882287
2020-1261-1159,0.30010973893727844
2020-1261-1295,0.23797049847088647
2020-1261-1285,0.7976726166666255
2020-1266-1458,0.23228609054494592
2020-1266-1348,0.41542394253493825
2020-1266-1231,0.4205436122960891
2020-1266-1345,0.44732105052123416
2020-1266-1251,0.389987288204311
2020-1266-1317,0.7523585854746574
2020-1266-1114,0.2484718272458775
2020-1266-1457,0.804820169184025
2020-1266-1343,0.9092243013338195
2020-1266-1211,0.19381576099873
2020-1266-1452,0.44149049590155026
2020-1266-1437,0.22672468102213097
2020-1266-1332,0.2312476166639559
2020-1266-1336,0.3666928766660445
2020-1266-1160,0.6542425169648359
2020-1266-1276,0.257229832903464
2020-1266-1196,0.2764241249459244
2020-1266-1390,0.3469730469632787
2020-1266-1116,0.5994704095083099
2020-1266-1140,0.25060068835428806
2020-1266-1372,0.5475917527793497
2020-1266-1308,0.6368320303991531
2020-1266-1159,0.47914628225406036
2020-1266-1295,0.4169709885544768
2020-1266-1285,0.8385808888658722
2020-1458-1348,0.5087571868347834
2020-1458-1231,0.49921010700623664
2020-1458-1345,0.5369905299828569
2020-1458-1251,0.4645768143956452
2020-1458-1317,0.864110107146197
2020-1458-1114,0.4088933812376027
2020-1458-1457,0.8818907538640195
2020-1458-1343,0.9544717136404887
2020-1458-1211,0.23416704737419838
2020-1458-1452,0.4848531404179951
2020-1458-1437,0.37362859176224394
2020-1458-1332,0.3723629136674967
2020-1458-1336,0.4474351383062761
2020-1458-1160,0.7439891972340907
2020-1458-1276,0.40379561138130393
2020-1458-1196,0.4329682003849019
2020-1458-1390,0.4266623153959408
2020-1458-1116,0.6650997791930995
2020-1458-1140,0.5120963835572556
2020-1458-1372,0.5900293373861646
2020-1458-1308,0.6758537881364844
2020-1458-1159,0.6632316329509343
2020-1458-1295,0.597689548164344
2020-1458-1285,0.9157790081735299
2020-1348-1231,0.3872287451745706
2020-1348-1345,0.4763092533823638
2020-1348-1251,0.37022304812146245
2020-1348-1317,0.8839568794922719
2020-1348-1114,0.39672856532162387
2020-1348-1457,0.8994428555292904
2020-1348-1343,0.9581938845612953
2020-1348-1211,0.25549997823179244
2020-1348-1452,0.3558913693436161
2020-1348-1437,0.44116979903073983
2020-1348-1332,0.4710598650232813
2020-1348-1336,0.4424829902552587
2020-1348-1160,0.7768491265566969
2020-1348-1276,0.41348868459883215
2020-1348-1196,0.45371908648762255
2020-1348-1390,0.41984908030490703
2020-1348-1116,0.7040576589593139
2020-1348-1140,0.5321859448385307
2020-1348-1372,0.535124980051225
2020-1348-1308,0.7008929367663436
2020-1348-1159,0.6974710109899267
2020-1348-1295,0.624043562094303
2020-1348-1285,0.9287021603737774
2020-1231-1345,0.5137999709066227
2020-1231-1251,0.29942155886300387
2020-1231-1317,0.8701403018899139
2020-1231-1114,0.3554945070938255
2020-1231-1457,0.8872348886883105
2020-1231-1343,0.9566930217791961
2020-1231-1211,0.19468854566252125
2020-1231-1452,0.3556256508597052
2020-1231-1437,0.3967138674522744
2020-1231-1332,0.3903530666183003
2020-1231-1336,0.3772902275329334
2020-1231-1160,0.7538312875868982
2020-1231-1276,0.40892789157015286
2020-1231-1196,0.4234307669276352
2020-1231-1390,0.4380106432504804
2020-1231-1116,0.676656607421407
2020-1231-1140,0.488666089010016
2020-1231-1372,0.5031212451619655
2020-1231-1308,0.6733348197539809
2020-1231-1159,0.6044165509504966
2020-1231-1295,0.523823173460791
2020-1231-1285,0.9197293556421221
2020-1345-1251,0.27765278004471594
2020-1345-1317,0.8105992161120338
2020-1345-1114,0.2780653635114296
2020-1345-1457,0.8340367863140703
2020-1345-1343,0.9338182679561433
2020-1345-1211,0.15761661383932124
2020-1345-1452,0.3221378828813176
2020-1345-1437,0.3109969907037672
2020-1345-1332,0.3053150051277688
2020-1345-1336,0.2937268270817722
2020-1345-1160,0.661695711477659
2020-1345-1276,0.33192196303562005
2020-1345-1196,0.34528919293480687
2020-1345-1390,0.3674180604133696
2020-1345-1116,0.5720347177200484
2020-1345-1140,0.4065991070432059
2020-1345-1372,0.44581809278895823
2020-1345-1308,0.5683238011713879
2020-1345-1159,0.4733737322216623
2020-1345-1295,0.3928989327447093
2020-1345-1285,0.8797837625924005
2020-1251-1317,0.9040271244171656
2020-1251-1114,0.3559063848558415
2020-1251-1457,0.9189586527753012
2020-1251-1343,0.9571468095144633
2020-1251-1211,0.223818313665484
2020-1251-1452,0.3590796433815858
2020-1251-1437,0.39556673372249523
2020-1251-1332,0.4280157368285413
2020-1251-1336,0.4055543688194457
2020-1251-1160,0.8152709482087125
2020-1251-1276,0.40175620920267263
2020-1251-1196,0.4238695902142965
2020-1251-1390,0.39876476397383853
2020-1251-1116,0.7506079625711679
2020-1251-1140,0.48871706699514667
2020-1251-1372,0.5933819563910973
2020-1251-1308,0.748153021613797
2020-1251-1159,0.7356120394978011
2020-1251-1295,0.6116607900331275
2020-1251-1285,0.9428999048764429
2020-1317-1114,0.08196441009774942
2020-1317-1457,0.45920694341523277
2020-1317-1343,0.6346005064767197
2020-1317-1211,0.06738313202427307
2020-1317-1452,0.1834373018629252
2020-1317-1437,0.08098085357265464
2020-1317-1332,0.08290806940839798
2020-1317-1336,0.12705524407270818
2020-1317-1160,0.29560456846466515
2020-1317-1276,0.09618568097753663
2020-1317-1196,0.10298728390403845
2020-1317-1390,0.1727176619181767
2020-1317-1116,0.2811861353745223
2020-1317-1140,0.08775328667287426
2020-1317-1372,0.22991145220472675
2020-1317-1308,0.2128141014359571
2020-1317-1159,0.1614207971620141
2020-1317-1295,0.11397623625759244
2020-1317-1285,0.5390440742663342
2020-1114-1457,0.859097173933849
2020-1114-1343,0.9448087231775749
2020-1114-1211,0.2566687188955983
2020-1114-1452,0.42367186174364846
2020-1114-1437,0.41295943684057745
2020-1114-1332,0.40651367682580797
2020-1114-1336,0.3891834148582143
2020-1114-1160,0.7035291187244467
2020-1114-1276,0.34304041029145693
2020-1114-1196,0.3802968538967698
2020-1114-1390,0.3748633138484233
2020-1114-1116,0.6185640561178566
2020-1114-1140,0.5262365420543499
2020-1114-1372,0.5386271151257638
2020-1114-1308,0.6284358358211904
2020-1114-1159,0.6165859688020616
2020-1114-1295,0.5941079769625166
2020-1114-1285,0.8987747547387657
2020-1457-1343,0.5149252844094346
2020-1457-1211,0.05158747195035747
2020-1457-1452,0.1446564315318077
2020-1457-1437,0.06458103477113455
2020-1457-1332,0.0731653327893457
2020-1457-1336,0.09875267311951197
2020-1457-1160,0.27015911678098226
2020-1457-1276,0.07417525167935107
2020-1457-1196,0.07955742868301374
2020-1457-1390,0.1358260861207045
2020-1457-1116,0.22908459206879428
2020-1457-1140,0.09160101310476931
2020-1457-1372,0.2327059648200518
2020-1457-1308,0.19822590394902567
2020-1457-1159,0.163620381254637
2020-1457-1295,0.09462539741389803
2020-1457-1285,0.49117597770067767
2020-1343-1211,0.08225733856952572
2020-1343-1452,0.18637731746242814
2020-1343-1437,0.09853948857986232
2020-1343-1332,0.10083872184016149
2020-1343-1336,0.1529414105275205
2020-1343-1160,0.27242218727390544
2020-1343-1276,0.11662273697534321
2020-1343-1196,0.12467016702899378
2020-1343-1390,0.20571470082631924
2020-1343-1116,0.2587191854635182
2020-1343-1140,0.08421425162717198
2020-1343-1372,0.19966821495320738
2020-1343-1308,0.19433319248314734
2020-1343-1159,0.14657191110987855
2020-1343-1295,0.1188888718992828
2020-1343-1285,0.36350706391919774
2020-1211-1452,0.7732720697786091
2020-1211-1437,0.7375670782830561
2020-1211-1332,0.7101156718012024
2020-1211-1336,0.800127797509825
2020-1211-1160,0.9446681667493485
2020-1211-1276,0.7453096768686649
2020-1211-1196,0.7688536539620544
2020-1211-1390,0.781762805139261
2020-1211-1116,0.9210560577181786
2020-1211-1140,0.7901330771747904
2020-1211-1372,0.8495171506574465
2020-1211-1308,0.9199480088912771
2020-1211-1159,0.9204449091265217
2020-1211-1295,0.9149762368979366
2020-1211-1285,0.9845869754346542
2020-1452-1437,0.44344297528463017
2020-1452-1332,0.47672179703797146
2020-1452-1336,0.4537320022227579
2020-1452-1160,0.8389600375707293
2020-1452-1276,0.4576440942769479
2020-1452-1196,0.4724935838625728
2020-1452-1390,0.4997462113026929
2020-1452-1116,0.7807098938814181
2020-1452-1140,0.5378355209821482
2020-1452-1372,0.6327062240989114
2020-1452-1308,0.7781065298403662
2020-1452-1159,0.7111047527709083
2020-1452-1295,0.6392749579518667
2020-1452-1285,0.951201879899146
2020-1437-1332,0.36616031229414153
2020-1437-1336,0.5591598506941675
2020-1437-1160,0.7926774101145523
2020-1437-1276,0.4417041427745783
2020-1437-1196,0.4747721068955935
2020-1437-1390,0.5382526778931394
2020-1437-1116,0.7362287671566374
2020-1437-1140,0.476445585157942
2020-1437-1372,0.6929920324601342
2020-1437-1308,0.7658169722403022
2020-1437-1159,0.7215297597117742
2020-1437-1295,0.694082187074363
2020-1437-1285,0.934665248329306
2020-1332-1336,0.6365358927143991
2020-1332-1160,0.8326864538720351
2020-1332-1276,0.4844785883611268
2020-1332-1196,0.5205328775275816
2020-1332-1390,0.6099633332427425
2020-1332-1116,0.7974295989612982
2020-1332-1140,0.5231088497676669
2020-1332-1372,0.7609676883780208
2020-1332-1308,0.8218142103325535
2020-1332-1159,0.7662951511535342
2020-1332-1295,0.7530727969758394
2020-1332-1285,0.947653822625086
2020-1336-1160,0.744675130158058
2020-1336-1276,0.38723770016098336
2020-1336-1196,0.40149384729314314
2020-1336-1390,0.38755630343462805
2020-1336-1116,0.6659021633912822
2020-1336-1140,0.46568508083820764
2020-1336-1372,0.5207803477732925
2020-1336-1308,0.6625249948503037
2020-1336-1159,0.621908557419155
2020-1336-1295,0.5427811616421857
2020-1336-1285,0.9160565952001332
2020-1160-1276,0.11161816216597029
2020-1160-1196,0.11767601709733606
2020-1160-1390,0.18637983126625982
2020-1160-1116,0.3022101161422861
2020-1160-1140,0.14768742590466055
2020-1160-1372,0.2592579741736817
2020-1160-1308,0.24500102419677341
2020-1160-1159,0.24079002808867525
2020-1160-1295,0.15225323818976771
2020-1160-1285,0.719007393970857
2020-1276-1196,0.3483612239350321
2020-1276-1390,0.416037082934687
2020-1276-1116,0.646762114378081
2020-1276-1140,0.40954139391209676
2020-1276-1372,0.581068863619902
2020-1276-1308,0.6677127237228502
2020-1276-1159,0.5728264538651197
2020-1276-1295,0.4912147756886847
2020-1276-1285,0.909295509562494
2020-1196-1390,0.42476207727625337
2020-1196-1116,0.6585480480678998
2020-1196-1140,0.4383442983330454
2020-1196-1372,0.5897595031383553
2020-1196-1308,0.6756093854544979
2020-1196-1159,0.6105439050548241
2020-1196-1295,0.5302286196677231
2020-1196-1285,0.9134935199490725
2020-1390-1116,0.6816959497812788
2020-1390-1140,0.3764701712622698
2020-1390-1372,0.5063073301337644
2020-1390-1308,0.6180725412575144
2020-1390-1159,0.5200375157902846
2020-1390-1295,0.44188964997762437
2020-1390-1285,0.9201420552603399
2020-1116-1140,0.19989312236460724
2020-1116-1372,0.29505554625634534
2020-1116-1308,0.3163365226369332
2020-1116-1159,0.2825467382396168
2020-1116-1295,0.20568340654104367
2020-1116-1285,0.7892225857274139
2020-1140-1372,0.707526728617695
2020-1140-1308,0.778008359872631
2020-1140-1159,0.6828244954775621
2020-1140-1295,0.6676873275271475
2020-1140-1285,0.898277444583671
2020-1372-1308,0.48707186601171093
2020-1372-1159,0.4048357749147865
2020-1372-1295,0.2665407004632902
2020-1372-1285,0.8758665749085927
2020-1308-1159,0.4039868403154029
2020-1308-1295,0.2701842120586862
2020-1308-1285,0.7917304389289181
2020-1159-1295,0.26359273457925253
2020-1159-1285,0.7906124759879842
2020-1295-1285,0.8023522475537104
